Name,Gender,Age,Location
Willow,Female,22,"CA, America"
Name,Gender,Age,Location
Raine,Female,12,Lagos
Name,Gender,Age,Location
Raine,Female,12,Lagos
Name,Gender,Age,Location
Raine,F,12,LG
Name,Gender,Age,Location
Ray,M,13,Lag
Name,Gender,Age,Location
Ray,M,13,Lag
Name,Gender,Age,Location
r,1,12,l
Name,Gender,Age,Location
r,f,7,ls
Name,Gender,Age,Location
R,F,5,LAG
Name,Gender,Age,Location
R,F,5,LAG
Name,Gender,Age,Location
r,f,5,l
Name,Gender,Age,Location
r,f,7,l
Name,Gender,Age,Location
u,m,7,l
